phase,iter,cpu_id,wall_us,gpu_us
A1_warm_cpu_a,0,2,89.881,28.224
A1_warm_cpu_a,1,2,51.507,24.096
A1_warm_cpu_a,2,2,37.749,15.712
A1_warm_cpu_a,3,2,32.416,16.864
A1_warm_cpu_a,4,2,122.557,56.288
A1_warm_cpu_a,5,2,39.018,19.168
A1_warm_cpu_a,6,2,43.056,20.992
A1_warm_cpu_a,7,2,90.470,42.272
A1_warm_cpu_a,8,2,37.448,19.648
A1_warm_cpu_a,9,2,31.539,14.336
A1_warm_cpu_a,10,2,29.595,13.536
A1_warm_cpu_a,11,2,27.573,12.320
A1_warm_cpu_a,12,2,87.671,41.472
A1_warm_cpu_a,13,2,46.552,23.008
A1_warm_cpu_a,14,2,28.321,13.376
A1_warm_cpu_a,15,2,25.557,12.128
A1_warm_cpu_a,16,2,27.759,13.184
A1_warm_cpu_a,17,2,25.664,11.744
A1_warm_cpu_a,18,2,25.279,11.776
A1_warm_cpu_a,19,2,24.701,11.712
A1_warm_cpu_a,20,2,40.793,15.808
A1_warm_cpu_a,21,2,33.072,11.584
A1_warm_cpu_a,22,2,28.053,13.696
A1_warm_cpu_a,23,2,25.860,11.488
A1_warm_cpu_a,24,2,24.378,11.392
A1_warm_cpu_a,25,2,24.539,11.424
A1_warm_cpu_a,26,2,25.239,11.744
A1_warm_cpu_a,27,2,24.237,11.424
A1_warm_cpu_a,28,2,23.843,11.200
A1_warm_cpu_a,29,2,23.840,11.232
A1_warm_cpu_a,30,2,23.948,11.456
A1_warm_cpu_a,31,2,30.420,11.040
A1_warm_cpu_a,32,2,28.542,13.920
A1_warm_cpu_a,33,2,23.870,11.200
A1_warm_cpu_a,34,2,24.124,11.232
A1_warm_cpu_a,35,2,23.447,10.976
A1_warm_cpu_a,36,2,23.639,11.104
A1_warm_cpu_a,37,2,23.640,11.296
A1_warm_cpu_a,38,2,23.795,11.456
A1_warm_cpu_a,39,2,23.481,10.976
A1_warm_cpu_a,40,2,87.785,41.312
A1_warm_cpu_a,41,2,35.406,17.440
A1_warm_cpu_a,42,2,28.297,13.632
A1_warm_cpu_a,43,2,25.409,12.384
A1_warm_cpu_a,44,2,24.820,11.968
A1_warm_cpu_a,45,2,24.438,11.360
A1_warm_cpu_a,46,2,24.703,11.744
A1_warm_cpu_a,47,2,33.852,19.712
A1_warm_cpu_a,48,2,28.645,14.912
A1_warm_cpu_a,49,2,35.657,19.808
A1_warm_cpu_a,50,2,27.702,13.920
A1_warm_cpu_a,51,2,25.233,11.872
A1_warm_cpu_a,52,2,24.427,11.808
A1_warm_cpu_a,53,2,24.284,11.680
A1_warm_cpu_a,54,2,94.758,50.976
A1_warm_cpu_a,55,2,30.961,15.328
A1_warm_cpu_a,56,2,27.682,13.280
A1_warm_cpu_a,57,2,24.509,11.808
A1_warm_cpu_a,58,2,24.859,11.936
A1_warm_cpu_a,59,2,24.154,11.488
A1_warm_cpu_a,60,2,24.470,11.392
A1_warm_cpu_a,61,2,23.955,11.200
A1_warm_cpu_a,62,2,31.029,14.592
A1_warm_cpu_a,63,2,26.055,12.608
A1_warm_cpu_a,64,2,24.934,11.968
A1_warm_cpu_a,65,2,24.642,11.552
A1_warm_cpu_a,66,2,148.451,14.112
A1_warm_cpu_a,67,2,25.988,12.192
A1_warm_cpu_a,68,2,24.649,11.712
A1_warm_cpu_a,69,2,85.292,39.776
A1_warm_cpu_a,70,2,34.018,17.344
A1_warm_cpu_a,71,2,26.723,13.184
A1_warm_cpu_a,72,2,27.845,13.216
A1_warm_cpu_a,73,2,25.151,11.968
A1_warm_cpu_a,74,2,25.409,12.128
A1_warm_cpu_a,75,2,29.836,14.400
A1_warm_cpu_a,76,2,25.643,12.192
A1_warm_cpu_a,77,2,24.733,11.904
A1_warm_cpu_a,78,2,24.568,11.648
A1_warm_cpu_a,79,2,24.512,11.712
A1_warm_cpu_a,80,2,23.949,11.424
A1_warm_cpu_a,81,2,25.346,12.064
A1_warm_cpu_a,82,2,41.215,27.904
A1_warm_cpu_a,83,2,27.686,14.464
A1_warm_cpu_a,84,2,25.872,12.704
A1_warm_cpu_a,85,2,24.619,11.840
A1_warm_cpu_a,86,2,24.233,11.616
A1_warm_cpu_a,87,2,24.749,11.776
A1_warm_cpu_a,88,2,26.692,12.256
A1_warm_cpu_a,89,2,25.358,11.488
A1_warm_cpu_a,90,2,24.789,11.648
A1_warm_cpu_a,91,2,25.001,11.488
A1_warm_cpu_a,92,2,92.063,41.472
A1_warm_cpu_a,93,2,36.979,18.432
A1_warm_cpu_a,94,2,29.106,13.344
A1_warm_cpu_a,95,2,26.706,12.416
A1_warm_cpu_a,96,2,25.994,12.256
A1_warm_cpu_a,97,2,25.331,11.936
A1_warm_cpu_a,98,2,25.628,12.064
A1_warm_cpu_a,99,2,24.764,11.616
A1_warm_cpu_a,100,2,24.236,11.488
A1_warm_cpu_a,101,2,23.890,11.264
A1_warm_cpu_a,102,2,24.633,11.616
A1_warm_cpu_a,103,2,24.710,11.648
A1_warm_cpu_a,104,2,24.139,11.488
A1_warm_cpu_a,105,2,24.122,11.424
A1_warm_cpu_a,106,2,24.122,11.424
A1_warm_cpu_a,107,2,23.798,11.232
A1_warm_cpu_a,108,2,33.452,11.488
A1_warm_cpu_a,109,2,36.235,20.992
A1_warm_cpu_a,110,2,27.522,13.760
A1_warm_cpu_a,111,2,24.256,11.392
A1_warm_cpu_a,112,2,24.426,11.616
A1_warm_cpu_a,113,2,24.018,11.200
A1_warm_cpu_a,114,2,24.457,11.552
A1_warm_cpu_a,115,2,24.203,11.552
A1_warm_cpu_a,116,2,24.047,11.264
A1_warm_cpu_a,117,2,23.748,11.264
A1_warm_cpu_a,118,2,24.196,11.360
A1_warm_cpu_a,119,2,23.365,10.976
A1_warm_cpu_a,120,2,23.779,11.200
A1_warm_cpu_a,121,2,23.419,11.040
A1_warm_cpu_a,122,2,23.691,11.264
A1_warm_cpu_a,123,2,23.586,11.008
A1_warm_cpu_a,124,2,24.049,11.520
A1_warm_cpu_a,125,2,23.484,11.168
A1_warm_cpu_a,126,2,24.506,11.168
A1_warm_cpu_a,127,2,24.894,11.552
A1_warm_cpu_a,128,2,23.501,11.104
A1_warm_cpu_a,129,2,23.829,11.168
A1_warm_cpu_a,130,2,30.741,14.048
A1_warm_cpu_a,131,2,24.535,11.296
A1_warm_cpu_a,132,2,24.368,11.520
A1_warm_cpu_a,133,2,23.772,11.104
A1_warm_cpu_a,134,2,23.761,11.232
A1_warm_cpu_a,135,2,23.779,11.264
A1_warm_cpu_a,136,2,23.554,11.104
A1_warm_cpu_a,137,2,23.793,11.232
A1_warm_cpu_a,138,2,23.398,10.944
A1_warm_cpu_a,139,2,23.564,11.072
A1_warm_cpu_a,140,2,23.913,11.232
A1_warm_cpu_a,141,2,126.364,112.544
A1_warm_cpu_a,142,2,26.962,12.832
A1_warm_cpu_a,143,2,25.430,12.064
A1_warm_cpu_a,144,2,24.555,11.616
A1_warm_cpu_a,145,2,24.630,11.584
A1_warm_cpu_a,146,2,24.686,11.360
A1_warm_cpu_a,147,2,24.757,11.520
A1_warm_cpu_a,148,2,34.134,19.808
A1_warm_cpu_a,149,2,27.589,13.952
A1_warm_cpu_a,150,2,24.950,11.840
A1_warm_cpu_a,151,2,29.594,15.712
A1_warm_cpu_a,152,2,25.464,11.968
A1_warm_cpu_a,153,2,24.299,11.392
A1_warm_cpu_a,154,2,23.982,11.328
A1_warm_cpu_a,155,2,23.842,11.200
A1_warm_cpu_a,156,2,30.212,13.920
A1_warm_cpu_a,157,2,88.982,42.176
A1_warm_cpu_a,158,2,35.708,18.368
A1_warm_cpu_a,159,2,27.152,13.472
A1_warm_cpu_a,160,2,25.601,12.416
A1_warm_cpu_a,161,2,25.031,12.224
A1_warm_cpu_a,162,2,24.681,11.744
A1_warm_cpu_a,163,2,36.573,16.448
A1_warm_cpu_a,164,2,25.015,11.968
A1_warm_cpu_a,165,2,26.314,11.840
A1_warm_cpu_a,166,2,25.304,12.416
A1_warm_cpu_a,167,2,25.405,11.648
A1_warm_cpu_a,168,2,25.313,12.128
A1_warm_cpu_a,169,2,24.279,11.776
A1_warm_cpu_a,170,2,24.186,11.424
A1_warm_cpu_a,171,2,23.700,11.136
A1_warm_cpu_a,172,2,24.967,12.096
A1_warm_cpu_a,173,2,23.662,11.136
A1_warm_cpu_a,174,2,25.647,11.712
A1_warm_cpu_a,175,2,24.241,11.264
A1_warm_cpu_a,176,2,23.899,11.424
A1_warm_cpu_a,177,2,24.380,11.520
A1_warm_cpu_a,178,2,23.892,11.232
A1_warm_cpu_a,179,2,23.860,11.168
A1_warm_cpu_a,180,2,24.385,11.424
A1_warm_cpu_a,181,2,23.774,11.232
A1_warm_cpu_a,182,2,23.968,11.232
A1_warm_cpu_a,183,2,34.158,17.248
A1_warm_cpu_a,184,2,25.467,11.968
A1_warm_cpu_a,185,2,24.274,11.584
A1_warm_cpu_a,186,2,24.238,11.360
A1_warm_cpu_a,187,2,23.919,11.552
A1_warm_cpu_a,188,2,23.763,11.360
A1_warm_cpu_a,189,2,24.562,11.392
A1_warm_cpu_a,190,2,23.970,11.264
A1_warm_cpu_a,191,2,24.030,11.008
A1_warm_cpu_a,192,2,23.501,11.072
A1_warm_cpu_a,193,2,24.022,11.136
A1_warm_cpu_a,194,2,23.602,11.168
A1_warm_cpu_a,195,2,24.112,11.488
A1_warm_cpu_a,196,2,23.777,11.296
A1_warm_cpu_a,197,2,24.005,11.328
A1_warm_cpu_a,198,2,23.677,11.296
A1_warm_cpu_a,199,2,23.719,11.136
A1_warm_cpu_a,200,2,23.748,11.360
A1_warm_cpu_a,201,2,23.759,11.168
A1_warm_cpu_a,202,2,24.362,11.552
A1_warm_cpu_a,203,2,24.218,11.296
A1_warm_cpu_a,204,2,30.121,14.048
A1_warm_cpu_a,205,2,24.945,11.744
A1_warm_cpu_a,206,2,24.277,11.360
A1_warm_cpu_a,207,2,24.002,11.360
A1_warm_cpu_a,208,2,23.711,11.200
A1_warm_cpu_a,209,2,24.305,11.360
A1_warm_cpu_a,210,2,23.647,11.168
A1_warm_cpu_a,211,2,23.687,11.264
A1_warm_cpu_a,212,2,23.426,11.008
A1_warm_cpu_a,213,2,23.487,11.008
A1_warm_cpu_a,214,2,23.763,11.232
A1_warm_cpu_a,215,2,23.747,11.168
A1_warm_cpu_a,216,2,24.632,11.200
A1_warm_cpu_a,217,2,24.554,11.648
A1_warm_cpu_a,218,2,200.429,25.120
A1_warm_cpu_a,219,2,27.279,12.704
A1_warm_cpu_a,220,2,25.922,12.192
A1_warm_cpu_a,221,2,30.494,14.400
A1_warm_cpu_a,222,2,26.341,12.128
A1_warm_cpu_a,223,2,25.218,12.128
A1_warm_cpu_a,224,2,23.944,11.424
A1_warm_cpu_a,225,2,23.925,11.488
A1_warm_cpu_a,226,2,25.018,11.808
A1_warm_cpu_a,227,2,85.384,39.712
A1_warm_cpu_a,228,2,33.808,17.056
A1_warm_cpu_a,229,2,26.990,13.120
A1_warm_cpu_a,230,2,25.538,12.096
A1_warm_cpu_a,231,2,26.681,11.776
A1_warm_cpu_a,232,2,25.224,12.032
A1_warm_cpu_a,233,2,26.932,11.584
A1_warm_cpu_a,234,2,29.342,14.144
A1_warm_cpu_a,235,2,24.372,11.584
A1_warm_cpu_a,236,2,24.202,11.360
A1_warm_cpu_a,237,2,25.464,11.424
A1_warm_cpu_a,238,2,25.094,11.840
A1_warm_cpu_a,239,2,26.390,12.576
A1_warm_cpu_a,240,2,23.507,10.912
A1_warm_cpu_a,241,2,24.043,11.296
A1_warm_cpu_a,242,2,23.443,10.976
A1_warm_cpu_a,243,2,24.405,11.936
A1_warm_cpu_a,244,2,23.251,10.848
A1_warm_cpu_a,245,2,24.867,11.808
A1_warm_cpu_a,246,2,25.287,11.616
A1_warm_cpu_a,247,2,26.328,12.832
A1_warm_cpu_a,248,2,24.119,11.264
A1_warm_cpu_a,249,2,30.792,15.168
A1_warm_cpu_a,250,2,25.832,12.576
A1_warm_cpu_a,251,2,24.062,11.584
A1_warm_cpu_a,252,2,23.726,11.264
A1_warm_cpu_a,253,2,31.857,12.544
A1_warm_cpu_a,254,2,31.182,15.232
A1_warm_cpu_a,255,2,25.197,11.872
A1_warm_cpu_a,256,2,24.446,11.520
A1_warm_cpu_a,257,2,24.013,11.264
A1_warm_cpu_a,258,2,24.070,11.168
A1_warm_cpu_a,259,2,25.254,11.776
A1_warm_cpu_a,260,2,24.466,11.616
A1_warm_cpu_a,261,2,23.973,11.072
A1_warm_cpu_a,262,2,24.582,11.744
A1_warm_cpu_a,263,2,24.209,11.200
A1_warm_cpu_a,264,2,23.402,11.008
A1_warm_cpu_a,265,2,24.610,11.680
A1_warm_cpu_a,266,2,24.627,11.360
A1_warm_cpu_a,267,2,31.590,16.000
A1_warm_cpu_a,268,2,25.061,12.096
A1_warm_cpu_a,269,2,24.197,11.552
A1_warm_cpu_a,270,2,99.844,41.472
A1_warm_cpu_a,271,2,38.981,20.416
A1_warm_cpu_a,272,2,29.517,14.464
A1_warm_cpu_a,273,2,27.333,12.768
A1_warm_cpu_a,274,2,26.054,12.128
A1_warm_cpu_a,275,2,24.858,11.712
A1_warm_cpu_a,276,2,40.899,14.720
A1_warm_cpu_a,277,2,86.325,40.384
A1_warm_cpu_a,278,2,36.043,18.464
A1_warm_cpu_a,279,2,86.891,41.088
A1_warm_cpu_a,280,2,39.125,20.512
A1_warm_cpu_a,281,2,28.332,13.952
A1_warm_cpu_a,282,2,27.561,12.992
A1_warm_cpu_a,283,2,27.401,12.704
A1_warm_cpu_a,284,2,25.524,12.128
A1_warm_cpu_a,285,2,26.316,12.608
A1_warm_cpu_a,286,2,25.330,11.712
A1_warm_cpu_a,287,2,25.085,11.712
A1_warm_cpu_a,288,2,25.797,11.968
A1_warm_cpu_a,289,2,24.465,11.520
A1_warm_cpu_a,290,2,24.536,11.584
A1_warm_cpu_a,291,2,23.685,11.200
A1_warm_cpu_a,292,2,24.076,11.360
A1_warm_cpu_a,293,2,24.723,11.840
A1_warm_cpu_a,294,2,30.681,14.624
A1_warm_cpu_a,295,2,151.540,137.376
A1_warm_cpu_a,296,2,37.210,16.896
A1_warm_cpu_a,297,2,25.870,12.032
A1_warm_cpu_a,298,2,25.979,12.224
A1_warm_cpu_a,299,2,25.306,11.712
A1_warm_cpu_a,300,2,24.556,11.872
A1_warm_cpu_a,301,2,24.326,11.424
A1_warm_cpu_a,302,2,24.090,11.328
A1_warm_cpu_a,303,2,24.648,11.584
A1_warm_cpu_a,304,2,24.074,11.264
A1_warm_cpu_a,305,2,23.876,11.296
A1_warm_cpu_a,306,2,24.103,11.552
A1_warm_cpu_a,307,2,23.557,11.168
A1_warm_cpu_a,308,2,24.286,11.392
A1_warm_cpu_a,309,2,23.680,11.104
A1_warm_cpu_a,310,2,36.213,22.656
A1_warm_cpu_a,311,2,26.048,12.736
A1_warm_cpu_a,312,2,24.154,11.712
A1_warm_cpu_a,313,2,23.901,11.424
A1_warm_cpu_a,314,2,23.811,11.424
A1_warm_cpu_a,315,2,23.732,11.296
A1_warm_cpu_a,316,2,24.225,11.392
A1_warm_cpu_a,317,2,29.301,13.472
A1_warm_cpu_a,318,2,24.778,11.712
A1_warm_cpu_a,319,2,24.060,11.200
A1_warm_cpu_a,320,2,23.763,11.424
A1_warm_cpu_a,321,2,23.852,11.136
A1_warm_cpu_a,322,2,23.984,11.328
A1_warm_cpu_a,323,2,23.792,11.328
A1_warm_cpu_a,324,2,23.461,11.136
A1_warm_cpu_a,325,2,23.639,11.232
A1_warm_cpu_a,326,2,23.734,11.392
A1_warm_cpu_a,327,2,23.309,11.104
A1_warm_cpu_a,328,2,23.488,11.136
A1_warm_cpu_a,329,2,23.442,11.104
A1_warm_cpu_a,330,2,23.912,11.232
A1_warm_cpu_a,331,2,24.647,11.456
A1_warm_cpu_a,332,2,24.033,11.328
A1_warm_cpu_a,333,2,24.310,11.744
A1_warm_cpu_a,334,2,24.322,11.584
A1_warm_cpu_a,335,2,24.409,11.680
A1_warm_cpu_a,336,2,24.377,11.232
A1_warm_cpu_a,337,2,23.632,11.232
A1_warm_cpu_a,338,2,28.387,11.168
A1_warm_cpu_a,339,2,28.970,13.760
A1_warm_cpu_a,340,2,23.828,11.264
A1_warm_cpu_a,341,2,23.374,11.072
A1_warm_cpu_a,342,2,24.156,11.328
A1_warm_cpu_a,343,2,23.755,11.456
A1_warm_cpu_a,344,2,23.452,11.040
A1_warm_cpu_a,345,2,23.493,11.136
A1_warm_cpu_a,346,2,23.584,11.200
A1_warm_cpu_a,347,2,38.745,14.912
A1_warm_cpu_a,348,2,24.350,11.616
A1_warm_cpu_a,349,2,24.191,11.392
A1_warm_cpu_a,350,2,23.782,11.360
A1_warm_cpu_a,351,2,24.063,11.424
A1_warm_cpu_a,352,2,23.528,11.264
A1_warm_cpu_a,353,2,24.654,12.480
A1_warm_cpu_a,354,2,23.524,11.328
A1_warm_cpu_a,355,2,22.996,10.976
A1_warm_cpu_a,356,2,23.686,11.200
A1_warm_cpu_a,357,2,22.918,10.752
A1_warm_cpu_a,358,2,23.136,10.976
A1_warm_cpu_a,359,2,23.325,10.976
A1_warm_cpu_a,360,2,30.365,13.856
A1_warm_cpu_a,361,2,24.440,11.328
A1_warm_cpu_a,362,2,23.590,11.168
A1_warm_cpu_a,363,2,24.431,12.064
A1_warm_cpu_a,364,2,23.180,10.976
A1_warm_cpu_a,365,2,23.162,10.880
A1_warm_cpu_a,366,2,23.238,10.944
A1_warm_cpu_a,367,2,23.932,11.200
A1_warm_cpu_a,368,2,24.905,11.456
A1_warm_cpu_a,369,2,24.169,11.264
A1_warm_cpu_a,370,2,24.158,11.392
A1_warm_cpu_a,371,2,23.501,10.912
A1_warm_cpu_a,372,2,251.726,235.680
A1_warm_cpu_a,373,2,29.966,14.592
A1_warm_cpu_a,374,2,26.217,12.224
A1_warm_cpu_a,375,2,25.293,11.488
A1_warm_cpu_a,376,2,30.388,14.144
A1_warm_cpu_a,377,2,25.444,11.936
A1_warm_cpu_a,378,2,25.194,11.712
A1_warm_cpu_a,379,2,25.034,11.744
A1_warm_cpu_a,380,2,24.554,11.488
A1_warm_cpu_a,381,2,24.379,11.360
A1_warm_cpu_a,382,2,24.030,11.232
A1_warm_cpu_a,383,2,24.331,11.328
A1_warm_cpu_a,384,2,24.170,11.424
A1_warm_cpu_a,385,2,23.833,11.392
A1_warm_cpu_a,386,2,23.877,11.488
A1_warm_cpu_a,387,2,23.685,11.136
A1_warm_cpu_a,388,2,23.917,11.360
A1_warm_cpu_a,389,2,24.074,11.328
A1_warm_cpu_a,390,2,23.752,11.392
A1_warm_cpu_a,391,2,24.188,11.424
A1_warm_cpu_a,392,2,23.598,11.136
A1_warm_cpu_a,393,2,23.435,11.264
A1_warm_cpu_a,394,2,23.682,11.200
A1_warm_cpu_a,395,2,23.485,11.072
A1_warm_cpu_a,396,2,23.989,11.456
A1_warm_cpu_a,397,2,35.621,16.608
A1_warm_cpu_a,398,2,25.894,12.192
A1_warm_cpu_a,399,2,24.242,11.328
A1_warm_cpu_a,400,2,23.826,11.232
A1_warm_cpu_a,401,2,23.611,11.200
A1_warm_cpu_a,402,2,23.419,11.040
A1_warm_cpu_a,403,2,23.669,11.328
A1_warm_cpu_a,404,2,23.640,11.264
A1_warm_cpu_a,405,2,23.275,11.040
A1_warm_cpu_a,406,2,23.392,11.072
A1_warm_cpu_a,407,2,23.413,10.912
A1_warm_cpu_a,408,2,27.270,14.976
A1_warm_cpu_a,409,2,23.588,11.360
A1_warm_cpu_a,410,2,23.854,11.296
A1_warm_cpu_a,411,2,23.834,11.360
A1_warm_cpu_a,412,2,23.380,11.104
A1_warm_cpu_a,413,2,23.457,11.072
A1_warm_cpu_a,414,2,24.524,11.296
A1_warm_cpu_a,415,2,23.902,11.232
A1_warm_cpu_a,416,2,23.726,11.296
A1_warm_cpu_a,417,2,23.642,11.168
A1_warm_cpu_a,418,2,23.500,11.232
A1_warm_cpu_a,419,2,29.829,13.888
A1_warm_cpu_a,420,2,24.296,11.552
A1_warm_cpu_a,421,2,23.891,11.456
A1_warm_cpu_a,422,2,24.286,11.392
A1_warm_cpu_a,423,2,23.480,11.200
A1_warm_cpu_a,424,2,23.754,11.392
A1_warm_cpu_a,425,2,23.387,11.072
A1_warm_cpu_a,426,2,23.759,11.136
A1_warm_cpu_a,427,2,45.717,31.968
A1_warm_cpu_a,428,2,28.812,14.976
A1_warm_cpu_a,429,2,25.807,12.096
A1_warm_cpu_a,430,2,24.977,11.808
A1_warm_cpu_a,431,2,24.474,11.712
A1_warm_cpu_a,432,2,23.871,11.360
A1_warm_cpu_a,433,2,23.591,11.136
A1_warm_cpu_a,434,2,24.513,11.552
A1_warm_cpu_a,435,2,23.204,11.040
A1_warm_cpu_a,436,2,23.453,11.104
A1_warm_cpu_a,437,2,23.679,11.040
A1_warm_cpu_a,438,2,23.324,11.136
A1_warm_cpu_a,439,2,23.735,11.168
A1_warm_cpu_a,440,2,29.730,13.664
A1_warm_cpu_a,441,2,25.096,11.776
A1_warm_cpu_a,442,2,23.930,11.392
A1_warm_cpu_a,443,2,23.663,11.360
A1_warm_cpu_a,444,2,23.888,11.328
A1_warm_cpu_a,445,2,23.783,11.296
A1_warm_cpu_a,446,2,24.702,11.680
A1_warm_cpu_a,447,2,24.316,11.456
A1_warm_cpu_a,448,2,24.165,11.424
A1_warm_cpu_a,449,2,64292.163,64241.089
A1_warm_cpu_a,450,2,88.106,67.744
A1_warm_cpu_a,451,2,39.642,23.840
A1_warm_cpu_a,452,2,28.556,14.112
A1_warm_cpu_a,453,2,25.963,12.640
A1_warm_cpu_a,454,2,25.555,12.000
A1_warm_cpu_a,455,2,25.119,12.128
A1_warm_cpu_a,456,2,25.566,12.032
A1_warm_cpu_a,457,2,23.565,11.104
A1_warm_cpu_a,458,2,23.878,11.264
A1_warm_cpu_a,459,2,23.687,11.296
A1_warm_cpu_a,460,2,23.620,11.168
A1_warm_cpu_a,461,2,24.245,11.264
A1_warm_cpu_a,462,2,23.960,11.232
A1_warm_cpu_a,463,2,24.624,11.616
A1_warm_cpu_a,464,2,24.075,11.392
A1_warm_cpu_a,465,2,85.610,40.672
A1_warm_cpu_a,466,2,38.915,20.064
A1_warm_cpu_a,467,2,28.527,14.080
A1_warm_cpu_a,468,2,25.727,12.480
A1_warm_cpu_a,469,2,24.483,11.744
A1_warm_cpu_a,470,2,25.602,11.648
A1_warm_cpu_a,471,2,24.686,11.808
A1_warm_cpu_a,472,2,24.819,11.872
A1_warm_cpu_a,473,2,26.185,12.096
A1_warm_cpu_a,474,2,26.243,11.968
A1_warm_cpu_a,475,2,118.021,55.584
A1_warm_cpu_a,476,2,41.931,21.536
A1_warm_cpu_a,477,2,28.695,13.664
A1_warm_cpu_a,478,2,26.992,12.640
A1_warm_cpu_a,479,2,25.569,12.064
A1_warm_cpu_a,480,2,25.045,11.680
A1_warm_cpu_a,481,2,25.002,11.936
A1_warm_cpu_a,482,2,31.096,14.944
A1_warm_cpu_a,483,2,26.895,12.800
A1_warm_cpu_a,484,2,25.400,12.160
A1_warm_cpu_a,485,2,24.158,11.456
A1_warm_cpu_a,486,2,24.637,11.680
A1_warm_cpu_a,487,2,24.113,11.424
A1_warm_cpu_a,488,2,24.590,11.424
A1_warm_cpu_a,489,2,23.930,11.296
A1_warm_cpu_a,490,2,23.875,11.200
A1_warm_cpu_a,491,2,28.082,15.584
A1_warm_cpu_a,492,2,23.725,11.328
A1_warm_cpu_a,493,2,23.761,11.488
A1_warm_cpu_a,494,2,30.526,14.432
A1_warm_cpu_a,495,2,24.443,11.456
A1_warm_cpu_a,496,2,24.558,11.904
A1_warm_cpu_a,497,2,24.022,11.328
A1_warm_cpu_a,498,2,26.168,12.128
A1_warm_cpu_a,499,2,24.392,11.040
A2_post_action,0,23,27.280,12.064
A2_post_action,1,23,25.028,12.064
A2_post_action,2,23,24.201,11.232
A2_post_action,3,23,112.905,13.696
A2_post_action,4,23,32.018,14.208
A2_post_action,5,23,27.606,13.152
A2_post_action,6,23,25.752,12.416
A2_post_action,7,23,25.605,11.744
A2_post_action,8,23,26.105,12.000
A2_post_action,9,23,34.792,19.392
A2_post_action,10,23,28.827,14.464
A2_post_action,11,23,25.038,11.904
A2_post_action,12,23,24.867,11.744
A2_post_action,13,23,25.451,11.904
A2_post_action,14,23,24.845,11.872
A2_post_action,15,23,24.883,11.744
A2_post_action,16,23,24.361,11.712
A2_post_action,17,23,23.950,11.264
A2_post_action,18,23,24.017,11.392
A2_post_action,19,23,24.280,11.776
A2_post_action,20,23,24.998,11.648
A2_post_action,21,23,25.452,12.032
A2_post_action,22,23,26.026,11.936
A2_post_action,23,23,25.107,12.128
A2_post_action,24,23,24.880,11.936
A2_post_action,25,23,24.925,11.616
A2_post_action,26,23,24.681,11.552
A2_post_action,27,23,24.949,11.808
A2_post_action,28,23,24.700,11.648
A2_post_action,29,23,35.107,20.768
A2_post_action,30,23,26.822,13.856
A2_post_action,31,23,26.025,12.064
A2_post_action,32,23,24.899,11.776
A2_post_action,33,23,24.162,11.296
A2_post_action,34,23,25.101,11.520
A2_post_action,35,23,24.915,11.968
A2_post_action,36,23,24.813,11.872
A2_post_action,37,23,98.358,46.208
A2_post_action,38,23,48.731,21.728
A2_post_action,39,23,27.808,13.600
A2_post_action,40,23,27.497,13.056
A2_post_action,41,23,25.706,12.320
A2_post_action,42,23,24.592,11.744
A2_post_action,43,23,24.963,11.616
A2_post_action,44,23,29.685,14.624
A2_post_action,45,23,89.767,42.016
A2_post_action,46,23,41.710,21.792
A2_post_action,47,23,28.458,13.632
A2_post_action,48,23,91.051,40.960
A2_post_action,49,23,35.947,18.080
A2_post_action,50,23,27.503,13.120
A2_post_action,51,23,24.642,11.648
A2_post_action,52,23,24.306,11.584
A2_post_action,53,23,24.208,11.424
A2_post_action,54,23,24.270,11.648
A2_post_action,55,23,23.914,11.424
A2_post_action,56,23,24.078,11.552
A2_post_action,57,23,24.218,11.296
A2_post_action,58,23,24.125,11.456
A2_post_action,59,23,98.367,52.384
A2_post_action,60,23,38.476,20.960
A2_post_action,61,23,29.157,13.792
A2_post_action,62,23,33.039,15.296
A2_post_action,63,23,26.800,12.224
A2_post_action,64,23,25.690,11.840
A2_post_action,65,23,26.678,11.968
A2_post_action,66,23,26.023,12.224
A2_post_action,67,23,26.417,12.160
A2_post_action,68,23,25.110,11.648
A2_post_action,69,23,25.107,11.872
A2_post_action,70,23,25.316,11.520
A2_post_action,71,23,24.919,11.776
A2_post_action,72,23,24.508,11.360
A2_post_action,73,23,25.157,11.680
A2_post_action,74,23,24.930,11.936
A2_post_action,75,23,24.462,11.392
A2_post_action,76,23,24.204,11.456
A2_post_action,77,23,171.458,16.160
A2_post_action,78,23,26.284,12.064
A2_post_action,79,23,25.525,12.064
A2_post_action,80,23,24.747,11.840
A2_post_action,81,23,24.724,11.648
A2_post_action,82,23,24.802,11.392
A2_post_action,83,23,25.338,11.584
A2_post_action,84,23,25.525,12.064
A2_post_action,85,23,24.843,11.872
A2_post_action,86,23,25.360,12.064
A2_post_action,87,23,24.846,11.904
A2_post_action,88,23,24.098,11.264
A2_post_action,89,23,23.934,11.296
A2_post_action,90,23,24.428,11.424
A2_post_action,91,23,24.512,11.552
A2_post_action,92,23,24.802,11.712
A2_post_action,93,23,24.295,11.424
A2_post_action,94,23,24.781,11.616
A2_post_action,95,23,29.339,13.952
A2_post_action,96,23,24.614,11.520
A2_post_action,97,23,85.450,40.384
A2_post_action,98,23,88.043,41.600
A2_post_action,99,23,36.322,18.080
A2_post_action,100,23,27.546,13.376
A2_post_action,101,23,25.168,11.904
A2_post_action,102,23,25.037,12.000
A2_post_action,103,23,24.766,12.032
A2_post_action,104,23,25.329,11.808
A2_post_action,105,23,24.064,11.328
A2_post_action,106,23,31.240,14.848
A2_post_action,107,23,24.719,11.808
A2_post_action,108,23,24.237,11.424
A2_post_action,109,23,24.155,11.584
A2_post_action,110,23,24.059,11.456
A2_post_action,111,23,23.994,11.392
A2_post_action,112,23,23.894,11.360
A2_post_action,113,23,23.625,11.040
A2_post_action,114,23,24.208,11.392
A2_post_action,115,23,24.085,11.232
A2_post_action,116,23,23.652,11.136
A2_post_action,117,23,23.728,11.296
A2_post_action,118,23,23.911,11.136
A2_post_action,119,23,23.612,11.264
A2_post_action,120,23,23.432,11.072
A2_post_action,121,23,23.656,11.264
A2_post_action,122,23,23.501,11.040
A2_post_action,123,23,23.568,10.912
A2_post_action,124,23,23.655,11.360
A2_post_action,125,23,23.805,11.136
A2_post_action,126,23,25.361,11.488
A2_post_action,127,23,29.909,14.112
A2_post_action,128,23,25.225,11.776
A2_post_action,129,23,25.023,11.872
A2_post_action,130,23,24.864,11.648
A2_post_action,131,23,24.224,11.392
A2_post_action,132,23,23.803,11.136
A2_post_action,133,23,23.770,11.136
A2_post_action,134,23,24.030,11.392
A2_post_action,135,23,23.921,11.488
A2_post_action,136,23,23.902,11.392
A2_post_action,137,23,23.604,10.944
A2_post_action,138,23,23.335,10.880
A2_post_action,139,23,24.118,11.104
A2_post_action,140,23,23.989,11.072
A2_post_action,141,23,23.618,11.072
A2_post_action,142,23,23.652,11.104
A2_post_action,143,23,24.962,11.456
A2_post_action,144,23,24.976,11.680
A2_post_action,145,23,23.815,11.104
A2_post_action,146,23,24.083,11.296
A2_post_action,147,23,29.041,13.760
A2_post_action,148,23,24.079,11.424
A2_post_action,149,23,24.194,11.424
A2_post_action,150,23,23.990,11.328
A2_post_action,151,23,23.277,10.784
A2_post_action,152,23,23.960,11.200
A2_post_action,153,23,23.863,11.264
A2_post_action,154,23,28.165,12.640
A2_post_action,155,23,25.278,11.616
A2_post_action,156,23,25.141,11.616
A2_post_action,157,23,24.533,11.680
A2_post_action,158,23,23.787,11.136
A2_post_action,159,23,23.848,11.296
A2_post_action,160,23,23.580,11.232
A2_post_action,161,23,23.947,11.296
A2_post_action,162,23,23.662,11.264
A2_post_action,163,23,23.487,11.008
A2_post_action,164,23,23.347,11.072
A2_post_action,165,23,29.267,13.536
A2_post_action,166,23,24.480,11.616
A2_post_action,167,23,23.648,11.232
A2_post_action,168,23,23.541,11.072
A2_post_action,169,23,23.516,11.168
A2_post_action,170,23,25.121,11.424
A2_post_action,171,23,24.567,11.488
A2_post_action,172,23,24.285,11.712
A2_post_action,173,23,30.846,14.848
A2_post_action,174,23,26.135,12.576
A2_post_action,175,23,24.328,11.360
A2_post_action,176,23,24.219,11.328
A2_post_action,177,23,25.007,11.424
A2_post_action,178,23,24.238,11.264
A2_post_action,179,23,24.657,11.264
A2_post_action,180,23,25.283,11.520
A2_post_action,181,23,24.046,11.328
A2_post_action,182,23,24.245,11.360
A2_post_action,183,23,23.667,11.168
A2_post_action,184,23,89.471,41.792
A2_post_action,185,23,36.293,17.920
A2_post_action,186,23,28.910,13.536
A2_post_action,187,23,25.918,12.256
A2_post_action,188,23,25.477,11.904
A2_post_action,189,23,24.381,11.264
A2_post_action,190,23,24.023,11.488
A2_post_action,191,23,23.884,11.328
A2_post_action,192,23,24.271,11.360
A2_post_action,193,23,24.068,11.200
A2_post_action,194,23,24.915,11.840
A2_post_action,195,23,24.185,11.552
A2_post_action,196,23,23.749,11.264
A2_post_action,197,23,23.940,11.488
A2_post_action,198,23,24.119,11.328
A2_post_action,199,23,24.082,11.360
A2_post_action,200,23,31.212,14.528
A2_post_action,201,23,30.486,14.912
A2_post_action,202,23,25.732,12.640
A2_post_action,203,23,23.981,11.424
A2_post_action,204,23,24.077,11.488
A2_post_action,205,23,23.909,11.424
A2_post_action,206,23,23.699,11.264
A2_post_action,207,23,25.211,11.872
A2_post_action,208,23,26.095,12.032
A2_post_action,209,23,25.242,11.904
A2_post_action,210,23,25.596,11.808
A2_post_action,211,23,25.210,11.456
A2_post_action,212,23,25.090,11.808
A2_post_action,213,23,24.782,11.456
A2_post_action,214,23,24.701,11.520
A2_post_action,215,23,25.246,11.872
A2_post_action,216,23,24.947,11.648
A2_post_action,217,23,25.372,12.192
A2_post_action,218,23,24.855,11.648
A2_post_action,219,23,24.739,11.296
A2_post_action,220,23,169.164,152.160
A2_post_action,221,23,33.407,17.504
A2_post_action,222,23,26.677,12.832
A2_post_action,223,23,24.926,11.808
A2_post_action,224,23,25.144,12.416
A2_post_action,225,23,24.091,11.456
A2_post_action,226,23,23.715,11.200
A2_post_action,227,23,23.891,11.360
A2_post_action,228,23,24.898,11.552
A2_post_action,229,23,23.801,11.328
A2_post_action,230,23,24.111,11.264
A2_post_action,231,23,28.662,13.312
A2_post_action,232,23,25.454,12.128
A2_post_action,233,23,25.137,11.968
A2_post_action,234,23,25.087,11.712
A2_post_action,235,23,35.836,15.968
A2_post_action,236,23,26.176,12.128
A2_post_action,237,23,24.699,11.552
A2_post_action,238,23,25.169,11.584
A2_post_action,239,23,25.103,11.584
A2_post_action,240,23,24.239,11.296
A2_post_action,241,23,24.192,11.072
A2_post_action,242,23,37.668,23.232
A2_post_action,243,23,27.982,14.176
A2_post_action,244,23,25.235,11.872
A2_post_action,245,23,24.509,11.520
A2_post_action,246,23,27.800,15.136
A2_post_action,247,23,24.152,11.552
A2_post_action,248,23,24.265,11.392
A2_post_action,249,23,24.768,11.520
A2_post_action,250,23,24.286,11.360
A2_post_action,251,23,23.659,11.104
A2_post_action,252,23,23.860,11.424
A2_post_action,253,23,30.369,11.264
A2_post_action,254,23,35.016,13.536
A2_post_action,255,23,27.590,13.664
A2_post_action,256,23,24.614,11.616
A2_post_action,257,23,23.925,11.424
A2_post_action,258,23,23.695,11.200
A2_post_action,259,23,23.391,11.040
A2_post_action,260,23,23.942,11.488
A2_post_action,261,23,23.348,10.976
A2_post_action,262,23,24.136,11.200
A2_post_action,263,23,23.734,11.136
A2_post_action,264,23,23.585,11.104
A2_post_action,265,23,23.418,11.008
A2_post_action,266,23,23.657,11.136
A2_post_action,267,23,23.915,11.232
A2_post_action,268,23,23.863,11.072
A2_post_action,269,23,23.695,11.200
A2_post_action,270,23,23.584,11.040
A2_post_action,271,23,23.384,11.040
A2_post_action,272,23,23.742,11.264
A2_post_action,273,23,24.129,11.168
A2_post_action,274,23,29.681,11.200
A2_post_action,275,23,26.728,13.280
A2_post_action,276,23,24.032,11.264
A2_post_action,277,23,23.319,10.912
A2_post_action,278,23,24.627,11.744
A2_post_action,279,23,25.042,11.872
A2_post_action,280,23,24.791,11.680
A2_post_action,281,23,24.096,11.264
A2_post_action,282,23,24.154,11.456
A2_post_action,283,23,23.542,11.104
A2_post_action,284,23,23.536,11.232
A2_post_action,285,23,23.648,11.200
A2_post_action,286,23,23.540,11.136
A2_post_action,287,23,23.504,11.040
A2_post_action,288,23,23.660,10.976
A2_post_action,289,23,23.401,11.040
A2_post_action,290,23,23.527,11.200
A2_post_action,291,23,23.526,11.104
A2_post_action,292,23,23.944,11.296
A2_post_action,293,23,24.016,11.552
A2_post_action,294,23,23.730,10.976
A2_post_action,295,23,24.706,11.840
A2_post_action,296,23,29.164,14.080
A2_post_action,297,23,24.406,11.616
A2_post_action,298,23,24.245,11.520
A2_post_action,299,23,23.611,11.168
A2_post_action,300,23,23.747,11.104
A2_post_action,301,23,23.315,11.040
A2_post_action,302,23,23.877,11.360
A2_post_action,303,23,24.181,11.424
A2_post_action,304,23,23.322,11.008
A2_post_action,305,23,23.744,11.328
A2_post_action,306,23,23.197,10.912
A2_post_action,307,23,23.593,11.072
A2_post_action,308,23,28.377,12.800
A2_post_action,309,23,25.788,12.000
A2_post_action,310,23,24.446,11.552
A2_post_action,311,23,24.410,11.392
A2_post_action,312,23,23.650,11.296
A2_post_action,313,23,23.700,11.136
A2_post_action,314,23,29.709,13.856
A2_post_action,315,23,24.512,11.584
A2_post_action,316,23,27.605,13.376
A2_post_action,317,23,25.002,12.096
A2_post_action,318,23,25.008,11.936
A2_post_action,319,23,119.209,59.232
A2_post_action,320,23,35.589,18.272
A2_post_action,321,23,27.458,13.088
A2_post_action,322,23,25.329,11.904
A2_post_action,323,23,25.532,11.808
A2_post_action,324,23,27.284,12.096
A2_post_action,325,23,96.111,42.528
A2_post_action,326,23,40.672,21.440
A2_post_action,327,23,29.000,13.600
A2_post_action,328,23,27.248,12.576
A2_post_action,329,23,25.863,12.352
A2_post_action,330,23,24.827,11.872
A2_post_action,331,23,28.647,15.584
A2_post_action,332,23,25.379,12.096
A2_post_action,333,23,25.606,11.808
A2_post_action,334,23,24.550,11.616
A2_post_action,335,23,25.079,11.840
A2_post_action,336,23,24.365,11.488
A2_post_action,337,23,86.523,40.832
A2_post_action,338,23,34.044,17.248
A2_post_action,339,23,32.847,13.152
A2_post_action,340,23,29.399,14.304
A2_post_action,341,23,26.526,12.160
A2_post_action,342,23,24.639,11.552
A2_post_action,343,23,24.587,11.392
A2_post_action,344,23,24.913,11.616
A2_post_action,345,23,24.333,11.488
A2_post_action,346,23,24.347,11.296
A2_post_action,347,23,24.736,11.648
A2_post_action,348,23,24.020,11.456
A2_post_action,349,23,23.756,11.168
A2_post_action,350,23,24.058,11.392
A2_post_action,351,23,25.492,11.648
A2_post_action,352,23,24.714,11.584
A2_post_action,353,23,24.122,11.360
A2_post_action,354,23,23.505,11.136
A2_post_action,355,23,23.750,11.328
A2_post_action,356,23,23.768,11.168
A2_post_action,357,23,23.761,11.232
A2_post_action,358,23,23.777,11.168
A2_post_action,359,23,24.554,10.912
A2_post_action,360,23,30.878,16.192
A2_post_action,361,23,29.369,13.536
A2_post_action,362,23,26.540,12.160
A2_post_action,363,23,25.453,11.648
A2_post_action,364,23,25.080,11.776
A2_post_action,365,23,25.169,11.616
A2_post_action,366,23,25.032,11.584
A2_post_action,367,23,29.721,16.064
A2_post_action,368,23,24.844,11.520
A2_post_action,369,23,24.802,11.552
A2_post_action,370,23,25.360,11.744
A2_post_action,371,23,25.638,11.808
A2_post_action,372,23,25.193,12.032
A2_post_action,373,23,24.775,11.616
A2_post_action,374,23,24.479,11.488
A2_post_action,375,23,24.581,11.648
A2_post_action,376,23,23.761,11.104
A2_post_action,377,23,24.091,11.616
A2_post_action,378,23,23.635,11.360
A2_post_action,379,23,23.618,11.200
A2_post_action,380,23,34.152,20.192
A2_post_action,381,23,26.145,12.864
A2_post_action,382,23,24.308,11.456
A2_post_action,383,23,24.075,11.392
A2_post_action,384,23,24.804,11.872
A2_post_action,385,23,28.216,13.280
A2_post_action,386,23,30.599,14.464
A2_post_action,387,23,25.437,11.776
A2_post_action,388,23,25.169,11.680
A2_post_action,389,23,23.985,11.168
A2_post_action,390,23,24.607,11.648
A2_post_action,391,23,24.342,11.328
A2_post_action,392,23,24.450,11.680
A2_post_action,393,23,24.167,11.328
A2_post_action,394,23,24.203,11.328
A2_post_action,395,23,24.011,11.328
A2_post_action,396,23,24.160,11.424
A2_post_action,397,23,24.020,11.360
A2_post_action,398,23,30.680,14.272
A2_post_action,399,23,26.149,12.352
A2_post_action,400,23,25.137,11.968
A2_post_action,401,23,24.178,11.360
A2_post_action,402,23,24.412,11.456
A2_post_action,403,23,24.378,11.520
A2_post_action,404,23,23.710,11.296
A2_post_action,405,23,23.906,11.232
A2_post_action,406,23,24.023,11.232
A2_post_action,407,23,23.788,11.104
A2_post_action,408,23,24.420,11.456
A2_post_action,409,23,23.917,11.232
A2_post_action,410,23,23.844,11.392
A2_post_action,411,23,23.708,11.136
A2_post_action,412,23,24.213,11.360
A2_post_action,413,23,24.010,11.488
A2_post_action,414,23,23.723,11.392
A2_post_action,415,23,24.001,11.552
A2_post_action,416,23,23.722,11.360
A2_post_action,417,23,23.914,11.424
A2_post_action,418,23,23.902,11.424
A2_post_action,419,23,35.670,17.504
A2_post_action,420,23,24.395,11.648
A2_post_action,421,23,23.922,11.392
A2_post_action,422,23,24.787,11.712
A2_post_action,423,23,23.758,11.328
A2_post_action,424,23,23.612,11.200
A2_post_action,425,23,24.164,11.360
A2_post_action,426,23,24.023,11.584
A2_post_action,427,23,23.750,11.136
A2_post_action,428,23,23.854,11.360
A2_post_action,429,23,23.536,11.168
A2_post_action,430,23,23.806,11.296
A2_post_action,431,23,23.913,11.168
A2_post_action,432,23,25.168,11.776
A2_post_action,433,23,25.090,11.776
A2_post_action,434,23,24.402,11.328
A2_post_action,435,23,23.732,11.168
A2_post_action,436,23,23.608,11.168
A2_post_action,437,23,23.682,11.104
A2_post_action,438,23,23.615,11.136
A2_post_action,439,23,23.401,11.072
A2_post_action,440,23,24.113,11.424
A2_post_action,441,23,30.289,14.208
A2_post_action,442,23,24.219,11.296
A2_post_action,443,23,24.011,11.424
A2_post_action,444,23,23.514,11.040
A2_post_action,445,23,23.982,11.200
A2_post_action,446,23,23.804,11.200
A2_post_action,447,23,23.328,11.040
A2_post_action,448,23,24.164,11.136
A2_post_action,449,23,24.135,11.296
A2_post_action,450,23,23.651,11.104
A2_post_action,451,23,23.371,11.040
A2_post_action,452,23,23.499,11.136
A2_post_action,453,23,23.276,11.040
A2_post_action,454,23,23.289,10.912
A2_post_action,455,23,23.863,11.424
A2_post_action,456,23,23.357,11.040
A2_post_action,457,23,23.620,11.040
A2_post_action,458,23,23.656,11.168
A2_post_action,459,23,23.109,10.848
A2_post_action,460,23,23.236,10.880
A2_post_action,461,23,23.338,10.976
A2_post_action,462,23,33.036,15.296
A2_post_action,463,23,26.495,12.224
A2_post_action,464,23,24.581,11.456
A2_post_action,465,23,24.614,11.584
A2_post_action,466,23,23.667,11.232
A2_post_action,467,23,23.635,11.168
A2_post_action,468,23,44.070,14.720
A2_post_action,469,23,25.066,11.968
A2_post_action,470,23,24.246,11.584
A2_post_action,471,23,23.952,11.328
A2_post_action,472,23,25.042,12.512
A2_post_action,473,23,24.905,11.520
A2_post_action,474,23,23.798,11.168
A2_post_action,475,23,23.667,11.328
A2_post_action,476,23,24.610,11.616
A2_post_action,477,23,23.554,11.072
A2_post_action,478,23,23.550,11.200
A2_post_action,479,23,23.973,11.328
A2_post_action,480,23,35.588,17.088
A2_post_action,481,23,24.891,11.584
A2_post_action,482,23,26.166,13.152
A2_post_action,483,23,24.355,11.424
A2_post_action,484,23,23.997,11.328
A2_post_action,485,23,23.772,11.328
A2_post_action,486,23,23.812,11.136
A2_post_action,487,23,23.425,10.976
A2_post_action,488,23,23.892,11.456
A2_post_action,489,23,23.873,11.168
A2_post_action,490,23,23.857,11.232
A2_post_action,491,23,23.916,11.168
A2_post_action,492,23,23.734,11.104
A2_post_action,493,23,23.634,11.168
A2_post_action,494,23,23.940,11.328
A2_post_action,495,23,23.903,11.360
A2_post_action,496,23,23.440,11.168
A2_post_action,497,23,23.680,11.168
A2_post_action,498,23,23.509,11.136
A2_post_action,499,23,23.874,11.264
A3_dwell,0,23,164.346,69.568
A3_dwell,1,23,38.529,23.008
A3_dwell,2,23,28.024,13.696
A3_dwell,3,23,25.751,12.320
A3_dwell,4,23,24.938,12.000
A3_dwell,5,23,26.087,12.416
A3_dwell,6,23,25.191,11.904
A3_dwell,7,23,24.211,11.552
A3_dwell,8,23,24.446,11.488
A3_dwell,9,23,24.354,11.424
A3_dwell,10,23,26.017,12.160
A3_dwell,11,23,25.647,11.968
A3_dwell,12,23,35.567,19.904
A3_dwell,13,23,29.172,14.592
A3_dwell,14,23,26.254,12.288
A3_dwell,15,23,25.814,12.192
A3_dwell,16,23,26.310,12.320
A3_dwell,17,23,25.412,12.000
A3_dwell,18,23,25.108,11.680
A3_dwell,19,23,26.019,11.808
A3_dwell,20,23,25.494,11.968
A3_dwell,21,23,26.091,12.736
A3_dwell,22,23,25.878,12.224
A3_dwell,23,23,24.738,11.904
A3_dwell,24,23,24.503,11.552
A3_dwell,25,23,24.376,11.712
A3_dwell,26,23,24.136,11.616
A3_dwell,27,23,24.504,11.584
A3_dwell,28,23,24.238,11.520
A3_dwell,29,23,23.793,11.200
A3_dwell,30,23,23.720,11.232
A3_dwell,31,23,23.853,11.296
A3_dwell,32,23,30.547,14.272
A3_dwell,33,23,25.470,11.744
A3_dwell,34,23,24.781,11.712
A3_dwell,35,23,23.793,11.200
A3_dwell,36,23,45.926,19.040
A3_dwell,37,23,27.334,12.768
A3_dwell,38,23,25.604,11.808
A3_dwell,39,23,25.854,11.872
A3_dwell,40,23,25.178,11.616
A3_dwell,41,23,24.766,11.776
A3_dwell,42,23,24.445,11.360
A3_dwell,43,23,24.889,11.808
A3_dwell,44,23,24.961,11.776
A3_dwell,45,23,24.265,11.488
A3_dwell,46,23,24.517,11.520
A3_dwell,47,23,24.206,11.456
A3_dwell,48,23,29.372,14.048
A3_dwell,49,23,25.264,11.872
A3_dwell,50,23,24.687,11.520
A3_dwell,51,23,24.432,11.648
A3_dwell,52,23,24.234,11.552
A3_dwell,53,23,24.431,11.584
A3_dwell,54,23,24.094,11.360
A3_dwell,55,23,24.025,11.392
A3_dwell,56,23,24.902,11.968
A3_dwell,57,23,23.859,11.360
A3_dwell,58,23,24.522,11.616
A3_dwell,59,23,24.054,11.136
A3_dwell,60,23,23.968,11.264
A3_dwell,61,23,23.985,11.424
A3_dwell,62,23,24.015,11.488
A3_dwell,63,23,23.649,11.200
A3_dwell,64,23,23.554,11.136
A3_dwell,65,23,23.558,11.168
A3_dwell,66,23,24.371,11.520
A3_dwell,67,23,23.686,11.168
A3_dwell,68,23,32.248,18.752
A3_dwell,69,23,26.564,13.536
A3_dwell,70,23,23.785,11.328
A3_dwell,71,23,23.548,11.136
A3_dwell,72,23,23.605,11.168
A3_dwell,73,23,24.221,11.232
A3_dwell,74,23,24.357,11.456
A3_dwell,75,23,24.380,11.712
A3_dwell,76,23,24.287,11.808
A3_dwell,77,23,23.596,11.232
A3_dwell,78,23,23.843,11.328
A3_dwell,79,23,23.654,11.200
A3_dwell,80,23,23.460,11.008
A3_dwell,81,23,24.874,11.776
A3_dwell,82,23,25.267,11.776
A3_dwell,83,23,24.992,11.968
A3_dwell,84,23,24.450,11.552
A3_dwell,85,23,24.199,11.360
A3_dwell,86,23,24.000,11.360
A3_dwell,87,23,23.735,11.232
A3_dwell,88,23,23.587,11.136
A3_dwell,89,23,23.615,11.008
A3_dwell,90,23,30.100,13.984
A3_dwell,91,23,25.407,11.840
A3_dwell,92,23,24.188,11.488
A3_dwell,93,23,24.028,11.392
A3_dwell,94,23,23.739,11.200
A3_dwell,95,23,23.757,11.296
A3_dwell,96,23,24.017,11.456
A3_dwell,97,23,24.996,11.392
A3_dwell,98,23,24.900,11.456
A3_dwell,99,23,24.396,11.552
A3_dwell,100,23,24.394,11.552
A3_dwell,101,23,23.934,11.392
A3_dwell,102,23,23.803,11.264
A3_dwell,103,23,23.832,11.296
A3_dwell,104,23,23.568,11.232
A3_dwell,105,23,23.570,10.976
A3_dwell,106,23,24.117,11.424
A3_dwell,107,23,23.519,11.072
A3_dwell,108,23,23.864,11.392
A3_dwell,109,23,23.669,11.200
A3_dwell,110,23,23.449,11.040
A3_dwell,111,23,34.818,16.224
A3_dwell,112,23,25.348,11.680
A3_dwell,113,23,29.179,13.056
A3_dwell,114,23,25.986,12.000
A3_dwell,115,23,24.059,11.328
A3_dwell,116,23,24.592,11.712
A3_dwell,117,23,29.318,13.760
A3_dwell,118,23,24.730,11.904
A3_dwell,119,23,23.903,11.360
A3_dwell,120,23,23.849,11.456
A3_dwell,121,23,23.906,11.520
A3_dwell,122,23,23.813,11.392
A3_dwell,123,23,24.044,11.424
A3_dwell,124,23,24.170,11.520
A3_dwell,125,23,23.881,11.360
A3_dwell,126,23,23.922,11.424
A3_dwell,127,23,23.521,11.104
A3_dwell,128,23,24.733,12.320
A3_dwell,129,23,32.852,17.632
A3_dwell,130,23,28.216,13.984
A3_dwell,131,23,25.068,11.904
A3_dwell,132,23,24.731,11.840
A3_dwell,133,23,24.306,11.648
A3_dwell,134,23,24.073,11.552
A3_dwell,135,23,24.847,11.584
A3_dwell,136,23,24.923,12.064
A3_dwell,137,23,24.342,11.744
A3_dwell,138,23,24.126,11.552
A3_dwell,139,23,24.134,11.392
A3_dwell,140,23,23.966,11.360
A3_dwell,141,23,24.344,11.456
A3_dwell,142,23,24.002,11.200
A3_dwell,143,23,23.909,11.328
A3_dwell,144,23,23.777,11.360
A3_dwell,145,23,23.663,11.040
A3_dwell,146,23,23.960,11.392
A3_dwell,147,23,23.832,11.168
A3_dwell,148,23,23.884,11.360
A3_dwell,149,23,24.120,11.712
A3_dwell,150,23,29.800,13.792
A3_dwell,151,23,25.161,11.616
A3_dwell,152,23,23.970,11.360
A3_dwell,153,23,23.937,11.200
A3_dwell,154,23,24.000,11.360
A3_dwell,155,23,23.914,11.296
A3_dwell,156,23,24.325,11.872
A3_dwell,157,23,23.736,11.264
A3_dwell,158,23,23.683,11.328
A3_dwell,159,23,24.099,11.648
A3_dwell,160,23,23.901,11.264
A3_dwell,161,23,23.822,11.264
A3_dwell,162,23,23.805,11.200
A3_dwell,163,23,24.615,11.360
A3_dwell,164,23,24.688,11.552
A3_dwell,165,23,24.324,11.456
A3_dwell,166,23,25.873,12.192
A3_dwell,167,23,24.332,11.424
A3_dwell,168,23,24.435,11.520
A3_dwell,169,23,24.462,11.744
A3_dwell,170,23,33.486,19.520
A3_dwell,171,23,30.857,17.184
A3_dwell,172,23,24.868,11.552
A3_dwell,173,23,24.680,11.616
A3_dwell,174,23,24.672,11.712
A3_dwell,175,23,23.995,11.424
A3_dwell,176,23,23.970,11.392
A3_dwell,177,23,23.927,11.392
A3_dwell,178,23,23.637,11.232
A3_dwell,179,23,23.835,11.328
A3_dwell,180,23,23.783,11.232
A3_dwell,181,23,24.201,11.520
A3_dwell,182,23,24.014,11.360
A3_dwell,183,23,23.889,11.296
A3_dwell,184,23,23.751,11.392
A3_dwell,185,23,23.521,10.944
A3_dwell,186,23,24.132,11.552
A3_dwell,187,23,23.357,11.008
A3_dwell,188,23,23.771,11.232
A3_dwell,189,23,24.045,11.424
A3_dwell,190,23,33.101,15.392
A3_dwell,191,23,26.362,12.160
A3_dwell,192,23,25.588,11.968
A3_dwell,193,23,24.615,11.648
A3_dwell,194,23,25.062,11.616
A3_dwell,195,23,24.635,11.552
A3_dwell,196,23,25.216,11.872
A3_dwell,197,23,29.946,14.016
A3_dwell,198,23,25.551,12.000
A3_dwell,199,23,25.626,11.872
A3_dwell,200,23,25.439,11.648
A3_dwell,201,23,24.714,11.648
A3_dwell,202,23,24.858,11.616
A3_dwell,203,23,24.282,11.456
A3_dwell,204,23,24.457,11.744
A3_dwell,205,23,24.436,11.328
A3_dwell,206,23,24.008,11.328
A3_dwell,207,23,24.172,11.328
A3_dwell,208,23,24.073,11.328
A3_dwell,209,23,30.404,13.920
A3_dwell,210,23,25.762,11.936
A3_dwell,211,23,24.600,11.424
A3_dwell,212,23,23.892,11.296
A3_dwell,213,23,23.799,11.200
A3_dwell,214,23,23.793,11.392
A3_dwell,215,23,24.215,11.328
A3_dwell,216,23,26.009,13.376
A3_dwell,217,23,29.070,16.416
A3_dwell,218,23,24.591,11.424
A3_dwell,219,23,24.610,11.328
A3_dwell,220,23,24.263,11.648
A3_dwell,221,23,24.940,11.200
A3_dwell,222,23,24.849,12.192
A3_dwell,223,23,23.672,11.232
A3_dwell,224,23,23.700,11.296
A3_dwell,225,23,23.504,11.040
A3_dwell,226,23,23.580,11.232
A3_dwell,227,23,23.588,11.200
A3_dwell,228,23,23.984,11.136
A3_dwell,229,23,29.382,13.888
A3_dwell,230,23,24.310,11.648
A3_dwell,231,23,23.933,11.520
A3_dwell,232,23,23.787,11.296
A3_dwell,233,23,23.604,11.168
A3_dwell,234,23,25.174,11.840
A3_dwell,235,23,24.917,11.648
A3_dwell,236,23,25.062,11.968
A3_dwell,237,23,24.648,11.584
A3_dwell,238,23,24.480,11.520
A3_dwell,239,23,24.172,11.648
A3_dwell,240,23,24.194,11.264
A3_dwell,241,23,23.765,11.328
A3_dwell,242,23,23.814,11.232
A3_dwell,243,23,23.617,11.136
A3_dwell,244,23,23.841,11.488
A3_dwell,245,23,23.629,11.232
A3_dwell,246,23,23.472,11.072
A3_dwell,247,23,23.441,11.072
A3_dwell,248,23,23.757,11.200
A3_dwell,249,23,24.063,11.584
A3_dwell,250,23,143.555,60.800
A3_dwell,251,23,36.002,18.400
A3_dwell,252,23,29.985,14.496
A3_dwell,253,23,26.568,12.352
A3_dwell,254,23,25.424,12.320
A3_dwell,255,23,24.911,11.968
A3_dwell,256,23,24.501,11.680
A3_dwell,257,23,24.722,11.744
A3_dwell,258,23,24.492,11.584
A3_dwell,259,23,24.000,11.456
A3_dwell,260,23,24.781,11.360
A3_dwell,261,23,25.069,11.776
A3_dwell,262,23,34.851,20.224
A3_dwell,263,23,39.099,15.552
A3_dwell,264,23,25.717,12.352
A3_dwell,265,23,25.237,12.064
A3_dwell,266,23,25.657,11.712
A3_dwell,267,23,39.677,17.728
A3_dwell,268,23,27.994,12.928
A3_dwell,269,23,26.640,12.320
A3_dwell,270,23,25.931,12.384
A3_dwell,271,23,24.520,11.488
A3_dwell,272,23,24.251,11.552
A3_dwell,273,23,98.645,50.560
A3_dwell,274,23,39.558,20.416
A3_dwell,275,23,27.002,13.056
A3_dwell,276,23,25.674,12.352
A3_dwell,277,23,25.002,11.840
A3_dwell,278,23,24.794,11.968
A3_dwell,279,23,24.677,11.616
A3_dwell,280,23,24.199,11.456
A3_dwell,281,23,23.745,11.136
A3_dwell,282,23,23.978,11.392
A3_dwell,283,23,25.688,11.648
A3_dwell,284,23,26.406,11.840
A3_dwell,285,23,25.478,11.520
A3_dwell,286,23,25.123,11.968
A3_dwell,287,23,24.575,11.520
A3_dwell,288,23,24.836,11.584
A3_dwell,289,23,24.557,11.488
A3_dwell,290,23,34.831,13.984
A3_dwell,291,23,28.750,13.696
A3_dwell,292,23,25.114,11.840
A3_dwell,293,23,24.649,11.520
A3_dwell,294,23,25.327,11.616
A3_dwell,295,23,24.042,11.232
A3_dwell,296,23,23.837,11.232
A3_dwell,297,23,25.203,11.968
A3_dwell,298,23,24.128,11.424
A3_dwell,299,23,23.967,11.360
A3_dwell,300,23,23.772,11.264
A3_dwell,301,23,23.766,11.104
A3_dwell,302,23,23.721,11.136
A3_dwell,303,23,23.697,11.168
A3_dwell,304,23,24.926,11.520
A3_dwell,305,23,24.528,11.392
A3_dwell,306,23,23.970,11.296
A3_dwell,307,23,23.893,11.296
A3_dwell,308,23,24.100,11.200
A3_dwell,309,23,24.081,11.200
A3_dwell,310,23,23.891,11.200
A3_dwell,311,23,35.136,21.248
A3_dwell,312,23,25.177,12.096
A3_dwell,313,23,24.467,11.360
A3_dwell,314,23,24.387,11.680
A3_dwell,315,23,23.833,11.328
A3_dwell,316,23,31.192,14.816
A3_dwell,317,23,25.971,12.160
A3_dwell,318,23,25.892,12.000
A3_dwell,319,23,26.017,12.160
A3_dwell,320,23,24.944,11.488
A3_dwell,321,23,25.159,11.584
A3_dwell,322,23,25.452,12.000
A3_dwell,323,23,24.671,11.488
A3_dwell,324,23,24.935,11.968
A3_dwell,325,23,25.190,11.904
A3_dwell,326,23,24.856,11.840
A3_dwell,327,23,24.349,11.456
A3_dwell,328,23,35.164,21.344
A3_dwell,329,23,26.887,13.024
A3_dwell,330,23,24.686,11.584
A3_dwell,331,23,24.453,11.648
A3_dwell,332,23,24.427,11.744
A3_dwell,333,23,23.860,11.328
A3_dwell,334,23,24.013,11.424
A3_dwell,335,23,24.051,11.552
A3_dwell,336,23,38.879,25.184
A3_dwell,337,23,25.761,12.576
A3_dwell,338,23,24.674,11.808
A3_dwell,339,23,24.256,11.552
A3_dwell,340,23,23.979,11.392
A3_dwell,341,23,24.447,11.392
A3_dwell,342,23,23.995,11.456
A3_dwell,343,23,23.799,11.328
A3_dwell,344,23,29.305,13.408
A3_dwell,345,23,31.670,14.912
A3_dwell,346,23,25.137,11.776
A3_dwell,347,23,25.194,12.160
A3_dwell,348,23,24.972,11.712
A3_dwell,349,23,24.607,11.424
A3_dwell,350,23,24.988,11.584
A3_dwell,351,23,24.804,11.456
A3_dwell,352,23,24.569,11.488
A3_dwell,353,23,24.047,11.136
A3_dwell,354,23,24.484,11.680
A3_dwell,355,23,24.498,11.584
A3_dwell,356,23,24.149,11.232
A3_dwell,357,23,24.469,11.584
A3_dwell,358,23,25.252,11.648
A3_dwell,359,23,24.396,11.456
A3_dwell,360,23,31.988,14.944
A3_dwell,361,23,25.639,12.064
A3_dwell,362,23,26.427,12.096
A3_dwell,363,23,25.865,12.096
A3_dwell,364,23,24.570,11.744
A3_dwell,365,23,30.545,14.048
A3_dwell,366,23,26.206,11.904
A3_dwell,367,23,25.688,12.032
A3_dwell,368,23,24.498,11.232
A3_dwell,369,23,24.266,11.424
A3_dwell,370,23,24.926,11.744
A3_dwell,371,23,24.426,11.424
A3_dwell,372,23,24.291,11.520
A3_dwell,373,23,24.106,11.296
A3_dwell,374,23,24.046,11.488
A3_dwell,375,23,23.655,11.232
A3_dwell,376,23,23.660,11.168
A3_dwell,377,23,23.895,11.392
A3_dwell,378,23,23.913,11.488
A3_dwell,379,23,24.017,11.360
A3_dwell,380,23,24.565,11.744
A3_dwell,381,23,24.190,11.392
A3_dwell,382,23,23.688,11.232
A3_dwell,383,23,23.985,11.296
A3_dwell,384,23,23.387,11.136
A3_dwell,385,23,23.330,10.848
A3_dwell,386,23,30.301,14.176
A3_dwell,387,23,24.696,11.584
A3_dwell,388,23,23.957,11.296
A3_dwell,389,23,23.764,11.424
A3_dwell,390,23,23.995,11.488
A3_dwell,391,23,23.483,11.008
A3_dwell,392,23,25.511,11.936
A3_dwell,393,23,24.564,11.360
A3_dwell,394,23,24.395,11.392
A3_dwell,395,23,26.941,13.600
A3_dwell,396,23,24.305,11.456
A3_dwell,397,23,24.393,11.648
A3_dwell,398,23,23.813,11.296
A3_dwell,399,23,23.623,11.136
A3_dwell,400,23,23.554,11.168
A3_dwell,401,23,23.525,10.976
A3_dwell,402,23,23.963,11.200
A3_dwell,403,23,23.821,11.296
A3_dwell,404,23,23.799,11.200
A3_dwell,405,23,23.775,11.168
A3_dwell,406,23,23.575,11.072
A3_dwell,407,23,30.369,13.920
A3_dwell,408,23,25.244,11.776
A3_dwell,409,23,24.176,11.488
A3_dwell,410,23,24.083,11.424
A3_dwell,411,23,24.211,11.264
A3_dwell,412,23,25.736,12.064
A3_dwell,413,23,24.047,11.392
A3_dwell,414,23,37.109,23.616
A3_dwell,415,23,27.119,13.504
A3_dwell,416,23,24.696,11.744
A3_dwell,417,23,35.209,21.120
A3_dwell,418,23,25.963,12.800
A3_dwell,419,23,24.376,11.584
A3_dwell,420,23,24.973,11.488
A3_dwell,421,23,132.341,14.688
A3_dwell,422,23,26.468,12.160
A3_dwell,423,23,33.758,18.688
A3_dwell,424,23,27.583,14.016
A3_dwell,425,23,24.961,11.648
A3_dwell,426,23,25.828,11.776
A3_dwell,427,23,24.752,11.456
A3_dwell,428,23,24.487,11.392
A3_dwell,429,23,23.867,11.104
A3_dwell,430,23,24.862,11.520
A3_dwell,431,23,24.073,11.232
A3_dwell,432,23,24.695,11.648
A3_dwell,433,23,23.732,11.136
A3_dwell,434,23,24.425,11.456
A3_dwell,435,23,23.843,11.232
A3_dwell,436,23,23.804,11.200
A3_dwell,437,23,23.541,11.232
A3_dwell,438,23,23.814,11.200
A3_dwell,439,23,23.489,11.168
A3_dwell,440,23,23.556,11.168
A3_dwell,441,23,23.884,11.072
A3_dwell,442,23,24.901,11.872
A3_dwell,443,23,24.446,11.520
A3_dwell,444,23,30.639,14.304
A3_dwell,445,23,25.106,11.904
A3_dwell,446,23,24.755,11.616
A3_dwell,447,23,24.811,11.680
A3_dwell,448,23,25.052,11.776
A3_dwell,449,23,24.584,11.424
A3_dwell,450,23,24.895,11.680
A3_dwell,451,23,24.296,11.584
A3_dwell,452,23,24.215,11.424
A3_dwell,453,23,23.562,11.136
A3_dwell,454,23,24.477,11.616
A3_dwell,455,23,24.082,11.584
A3_dwell,456,23,23.825,11.200
A3_dwell,457,23,24.090,11.488
A3_dwell,458,23,24.147,11.520
A3_dwell,459,23,23.540,11.008
A3_dwell,460,23,25.979,12.960
A3_dwell,461,23,23.941,11.296
A3_dwell,462,23,24.110,11.296
A3_dwell,463,23,23.997,11.264
A3_dwell,464,23,35.307,16.608
A3_dwell,465,23,25.160,11.744
A3_dwell,466,23,24.663,11.712
A3_dwell,467,23,24.195,11.360
A3_dwell,468,23,24.405,11.488
A3_dwell,469,23,24.285,11.296
A3_dwell,470,23,24.346,11.520
A3_dwell,471,23,24.086,11.392
A3_dwell,472,23,24.146,11.232
A3_dwell,473,23,23.813,11.232
A3_dwell,474,23,23.735,11.072
A3_dwell,475,23,25.103,11.616
A3_dwell,476,23,24.480,11.520
A3_dwell,477,23,24.468,11.776
A3_dwell,478,23,24.206,11.328
A3_dwell,479,23,23.916,11.200
A3_dwell,480,23,24.461,11.552
A3_dwell,481,23,24.454,11.488
A3_dwell,482,23,24.571,11.488
A3_dwell,483,23,24.896,11.616
A3_dwell,484,23,35.414,14.752
A3_dwell,485,23,25.433,11.744
A3_dwell,486,23,24.675,11.584
A3_dwell,487,23,25.024,11.808
A3_dwell,488,23,24.696,11.648
A3_dwell,489,23,24.818,11.520
A3_dwell,490,23,24.684,11.616
A3_dwell,491,23,24.396,11.488
A3_dwell,492,23,31.085,14.368
A3_dwell,493,23,27.682,12.576
A3_dwell,494,23,24.912,11.616
A3_dwell,495,23,24.836,11.808
A3_dwell,496,23,24.295,11.392
A3_dwell,497,23,24.169,11.424
A3_dwell,498,23,128.719,114.496
A3_dwell,499,23,26.432,12.928
